<?xml version="1.0" encoding="UTF-8"?>
<lom xmlns="http://ltsc.ieee.org/xsd/LOM" xmlns:xsi="http://www.w3.org/2001/XMLSchema-instance" xsi:schemaLocation="http://ltsc.ieee.org/xsd/LOM lomCustom.xsd"><general uniqueElementName="general"><identifier><catalog uniqueElementName="catalog">My Catalog</catalog><entry uniqueElementName="entry">4a7d755e-34a5-410a-a7d4-601881136623</entry></identifier><title><string language="es">Un vídeo-poema me manda hacer el enseñante</string></title><language>es</language><description><string language="es">Esta situación de aprendizaje trata de expresar nuestros sentimientos, pensamientos y vivencias en un soneto para luego darle voz en un vídeo-poema.</string></description><aggregationLevel uniqueElementName="aggregationLevel"><source uniqueElementName="source">LOM-ESv1.0</source><value uniqueElementName="value">2</value></aggregationLevel></general><lifeCycle><contribute><role uniqueElementName="role"><source uniqueElementName="source">LOM-ESv1.0</source><value uniqueElementName="value">author</value></role><entity>BEGIN:VCARD VERSION:3.0 FN:ANA CASTILLO CASANOVA EMAIL;TYPE=INTERNET: ORG: END:VCARD</entity><date><dateTime uniqueElementName="dateTime">2025-05-17T17:40:11.00+02:00</dateTime><description><string language="es">Fecha de creación de los metadatos</string></description></date></contribute></lifeCycle><metaMetadata uniqueElementName="metaMetadata"><contribute><role uniqueElementName="role"><source uniqueElementName="source">LOM-ESv1.0</source><value uniqueElementName="value">creator</value></role><entity>BEGIN:VCARD VERSION:3.0 FN:ANA CASTILLO CASANOVA EMAIL;TYPE=INTERNET: ORG: END:VCARD</entity><date><dateTime uniqueElementName="dateTime">2025-05-17T17:38:57.00+02:00</dateTime><description><string language="es">Fecha de creación de los metadatos</string></description></date></contribute><metadataSchema>LOM-ESv1.0</metadataSchema><language>es</language></metaMetadata><technical uniqueElementName="technical"><otherPlatformRequirements><string language="es">editor: eXe Learning</string></otherPlatformRequirements></technical><educational><learningResourceType><source uniqueElementName="source">LOM-ESv1.0</source><value uniqueElementName="value">real project</value></learningResourceType><intendedEndUserRole><source uniqueElementName="source">LOM-ESv1.0</source><value uniqueElementName="value">learner</value></intendedEndUserRole><context><source uniqueElementName="source">LOM-ESv1.0</source><value uniqueElementName="value">presencial</value></context><context><source uniqueElementName="source">LOM-ESv1.0</source><value uniqueElementName="value">classroom</value></context><description><string language="es">CONOCIMIENTO PREVIO: Literatura
Reconocimiento de géneros literarios: lírico, narrativo y dramático.
Conocimiento básico de figuras literarias comunes: metáfora, comparación, personificación, hipérbole.
Lectura comprensiva de poesía breve (romances, coplas).
Identificación de temas universales: amor, muerte, paso del tiempo.

Lengua: comprensión y expresión
Uso correcto de la acentuación y puntuación.
Redacción de textos descriptivos y narrativos con coherencia, cohesión y corrección.
Inicio en la escritura creativa guiada: diálogos, descripciones poéticas o cuentos breves.
Dominio básico de la estructura de un texto: introducción, desarrollo, conclusión.
 Comunicación oral
Exposición oral breve y estructurada: presentación de trabajos, lectura en voz alta.
Uso del lenguaje oral formal en contextos académicos.


</string></description><description><string language="es">OBJETIVOS: 1.Reconocer una obra lírica y clasificarla en su subgénero.
2. Comprender obras líricas, estableciendo su estructura de contenido y explicando la finalidad comunicativa de su emisor.
3. Reconocer la temática amorosa, elementos mitológicos y tópicos en los poemas (Carpe Diem).
4. Comprender qué es la voz poética, así como el tú poético y el objeto poético y reconocerlos en los poemas.
5.Realización de un soneto de forma pautada sobre alguna vivencia, experiencia, gustos, etc. siguiendo la estructura (“voz poética, tú poético, objeto poético, sentimientos”)
6. Medir versos de forma adecuada y reconocer los cuartetos y tercetos de un soneto.
7. Reconocer las figuras retóricas explicadas por el profesor.
</string></description><language>es</language></educational><rights uniqueElementName="rights"><copyrightAndOtherRestrictions uniqueElementName="copyrightAndOtherRestrictions"><source uniqueElementName="source">LOM-ESv1.0</source><value uniqueElementName="value">creative commons: attribution - share alike</value></copyrightAndOtherRestrictions><access uniqueElementName="access"><accessType uniqueElementName="accessType"><source uniqueElementName="source">LOM-ESv1.0</source><value uniqueElementName="value">universal</value></accessType><description><string language="en">Default</string></description></access></rights></lom>