<?xml version="1.0" encoding="UTF-8"?>
<!-- Generated by eXe - http://exelearning.net -->
<manifest identifier="eXePoema65f96cbc28bb3936851" 
xmlns:xsi="http://www.w3.org/2001/XMLSchema-instance" 
xmlns:adlcp="http://www.adlnet.org/xsd/adlcp_v1p3" 
xmlns:adlseq="http://www.adlnet.org/xsd/adlseq_v1p3" 
xmlns:adlnav="http://www.adlnet.org/xsd/adlnav_v1p3" 
xmlns:imsss="http://www.imsglobal.org/xsd/imsss" 
xmlns:lom="http://ltsc.ieee.org/xsd/LOM" 
xmlns:lomes="http://ltsc.ieee.org/xsd/LOM" 
xmlns="http://www.imsglobal.org/xsd/imscp_v1p1" 
xsi:schemaLocation="http://www.imsglobal.org/xsd/imscp_v1p1 imscp_v1p1.xsd http://ltsc.ieee.org/xsd/LOM lomCustom.xsd http://www.adlnet.org/xsd/adlcp_v1p3 adlcp_v1p3.xsd  http://www.imsglobal.org/xsd/imsss imsss_v1p0.xsd  http://www.adlnet.org/xsd/adlseq_v1p3 adlseq_v1p3.xsd http://www.adlnet.org/xsd/adlnav_v1p3 adlnav_v1p3.xsd"> 
<metadata> 
 <schema>ADL SCORM</schema> 
 <schemaversion>2004 4th Edition</schemaversion> 
 <adlcp:location>imslrm.xml</adlcp:location> 
</metadata> 
<organizations default="eXePoema65f96cbc28bb3936852">  
    <organization identifier="eXePoema65f96cbc28bb3936852" structure="hierarchical">
        <title>Un vídeo-poema me manda hacer el enseñante</title>
<item identifier="ITEM-eXePoema65f96cbc28bb3936853" isvisible="true">
    <title>SdA Un vídeo-poema me manda hacer el enseñante</title>
<item identifier="ITEM-eXePoema65f96cbc28bb3936854" isvisible="true" identifierref="RES-eXePoema65f96cbc28bb3936855">
    <title>SdA Un vídeo-poema me manda hacer el enseñante</title>
</item>
<item identifier="ITEM-eXePoema65f96cbc28bb3936886" isvisible="true" identifierref="RES-eXePoema65f96cbc28bb3936887">
    <title>Síntesis de la SdA y justificación</title>
</item>
<item identifier="ITEM-eXePoema65f96cbc28bb3936898" isvisible="true" identifierref="RES-eXePoema65f96cbc28bb3936899">
    <title>Producto final</title>
</item>
<item identifier="ITEM-eXePoema65f96cbc28bb39368da" isvisible="true" identifierref="RES-eXePoema65f96cbc28bb39368db">
    <title>Recursos</title>
</item>
<item identifier="ITEM-eXePoema65f96cbc28bb39368fc" isvisible="true" identifierref="RES-eXePoema65f96cbc28bb39368fd">
    <title>Guía didáctica</title>
</item>
<item identifier="ITEM-eXePoema65f96cbc28bb393690e" isvisible="true" identifierref="RES-eXePoema65f96cbc28bb393690f">
    <title>Esquema tareas</title>
</item>
<item identifier="ITEM-eXePoema65f96cbc28bb39369210" isvisible="true">
    <title>Desglose de tareas (tarea 1)</title>
<item identifier="ITEM-eXePoema65f96cbc28bb39369211" isvisible="true" identifierref="RES-eXePoema65f96cbc28bb39369212">
    <title>Desglose de tareas (tarea 1)</title>
</item>
<item identifier="ITEM-eXePoema65f96cbc28bb39369313" isvisible="true" identifierref="RES-eXePoema65f96cbc28bb39369314">
    <title>Tarea 2</title>
</item>
<item identifier="ITEM-eXePoema65f96cbc28bb39369415" isvisible="true" identifierref="RES-eXePoema65f96cbc28bb39369416">
    <title>Tarea 3</title>
</item>
<item identifier="ITEM-eXePoema65f96cbc28bb39369717" isvisible="true" identifierref="RES-eXePoema65f96cbc28bb39369718">
    <title>Tarea 4</title>
</item>
<item identifier="ITEM-eXePoema65f96cbc28bb39369819" isvisible="true" identifierref="RES-eXePoema65f96cbc28bb3936981a">
    <title>Tarea 5</title>
</item>
<item identifier="ITEM-eXePoema65f96cbc28bb3936991b" isvisible="true" identifierref="RES-eXePoema65f96cbc28bb3936991c">
    <title>Tarea 6</title>
</item>
<item identifier="ITEM-eXePoema65f96cbc28bb39369b1d" isvisible="true" identifierref="RES-eXePoema65f96cbc28bb39369b1e">
    <title>Tarea 7</title>
</item>
<item identifier="ITEM-eXePoema65f96cbc28bb39369c1f" isvisible="true" identifierref="RES-eXePoema65f96cbc28bb39369c20">
    <title>Tarea 8</title>
</item>
<item identifier="ITEM-eXePoema65f96cbc28bb3936a121" isvisible="true" identifierref="RES-eXePoema65f96cbc28bb3936a122">
    <title>Tarea 9</title>
</item>
  <imsss:sequencing>
    <imsss:controlMode choice="true" choiceExit="true" flow="true" forwardOnly="false"/>
  </imsss:sequencing></item>
<item identifier="ITEM-eXePoema65f96cbc28bb3936a523" isvisible="true" identifierref="RES-eXePoema65f96cbc28bb3936a524">
    <title>Evaluación</title>
</item>
<item identifier="ITEM-eXePoema65f96cbc28bb3936a825" isvisible="true" identifierref="RES-eXePoema65f96cbc28bb3936a826">
    <title>Tutoriales de las diferentes herramientas</title>
</item>
<item identifier="ITEM-eXePoema65f96cbc28bb3936bf27" isvisible="true" identifierref="RES-eXePoema65f96cbc28bb3936bf28">
    <title>Créditos</title>
</item>
  <imsss:sequencing>
    <imsss:controlMode choice="true" choiceExit="true" flow="true" forwardOnly="false"/>
  </imsss:sequencing></item>
  <imsss:sequencing>
    <imsss:controlMode choice="true" choiceExit="true" flow="true" forwardOnly="false"/>
  </imsss:sequencing>  </organization>
</organizations>
<resources>
  <resource identifier="RES-eXePoema65f96cbc28bb3936855" type="webcontent" adlcp:scormType="sco" href="index.html"> 
    <file href="index.html"/> 
    <file href="exe_html5.js"/>
    <file href="Foto_renacimiento.jpg"/>
    <dependency identifierref="COMMON_FILES"/>
  </resource>
  <resource identifier="RES-eXePoema65f96cbc28bb3936887" type="webcontent" adlcp:scormType="sco" href="sntesis_de_la_sda_y_justificacin.html"> 
    <file href="sntesis_de_la_sda_y_justificacin.html"/> 
    <file href="exe_html5.js"/>
    <dependency identifierref="COMMON_FILES"/>
  </resource>
  <resource identifier="RES-eXePoema65f96cbc28bb3936899" type="webcontent" adlcp:scormType="sco" href="producto_final.html"> 
    <file href="producto_final.html"/> 
    <file href="exe_html5.js"/>
    <file href="Barroco.jpg"/>
    <dependency identifierref="COMMON_FILES"/>
  </resource>
  <resource identifier="RES-eXePoema65f96cbc28bb39368db" type="webcontent" adlcp:scormType="sco" href="recursos.html"> 
    <file href="recursos.html"/> 
    <file href="exe_html5.js"/>
    <dependency identifierref="COMMON_FILES"/>
  </resource>
  <resource identifier="RES-eXePoema65f96cbc28bb39368fd" type="webcontent" adlcp:scormType="sco" href="gua_didctica.html"> 
    <file href="gua_didctica.html"/> 
    <file href="exe_html5.js"/>
    <file href="Tareas.pdf"/>
    <dependency identifierref="COMMON_FILES"/>
  </resource>
  <resource identifier="RES-eXePoema65f96cbc28bb393690f" type="webcontent" adlcp:scormType="sco" href="esquema_tareas.html"> 
    <file href="esquema_tareas.html"/> 
    <file href="exe_html5.js"/>
    <dependency identifierref="COMMON_FILES"/>
  </resource>
  <resource identifier="RES-eXePoema65f96cbc28bb39369212" type="webcontent" adlcp:scormType="sco" href="desglose_de_tareas_tarea_1.html"> 
    <file href="desglose_de_tareas_tarea_1.html"/> 
    <file href="exe_html5.js"/>
    <dependency identifierref="COMMON_FILES"/>
  </resource>
  <resource identifier="RES-eXePoema65f96cbc28bb39369314" type="webcontent" adlcp:scormType="sco" href="tarea_2.html"> 
    <file href="tarea_2.html"/> 
    <file href="exe_html5.js"/>
    <dependency identifierref="COMMON_FILES"/>
  </resource>
  <resource identifier="RES-eXePoema65f96cbc28bb39369416" type="webcontent" adlcp:scormType="sco" href="tarea_3.html"> 
    <file href="tarea_3.html"/> 
    <file href="exe_html5.js"/>
    <dependency identifierref="COMMON_FILES"/>
  </resource>
  <resource identifier="RES-eXePoema65f96cbc28bb39369718" type="webcontent" adlcp:scormType="sco" href="tarea_4.html"> 
    <file href="tarea_4.html"/> 
    <file href="exe_html5.js"/>
    <dependency identifierref="COMMON_FILES"/>
  </resource>
  <resource identifier="RES-eXePoema65f96cbc28bb3936981a" type="webcontent" adlcp:scormType="sco" href="tarea_5.html"> 
    <file href="tarea_5.html"/> 
    <file href="exe_html5.js"/>
    <dependency identifierref="COMMON_FILES"/>
  </resource>
  <resource identifier="RES-eXePoema65f96cbc28bb3936991c" type="webcontent" adlcp:scormType="sco" href="tarea_6.html"> 
    <file href="tarea_6.html"/> 
    <file href="exe_html5.js"/>
    <dependency identifierref="COMMON_FILES"/>
  </resource>
  <resource identifier="RES-eXePoema65f96cbc28bb39369b1e" type="webcontent" adlcp:scormType="sco" href="tarea_7.html"> 
    <file href="tarea_7.html"/> 
    <file href="exe_html5.js"/>
    <dependency identifierref="COMMON_FILES"/>
  </resource>
  <resource identifier="RES-eXePoema65f96cbc28bb39369c20" type="webcontent" adlcp:scormType="sco" href="tarea_8.html"> 
    <file href="tarea_8.html"/> 
    <file href="exe_html5.js"/>
    <dependency identifierref="COMMON_FILES"/>
  </resource>
  <resource identifier="RES-eXePoema65f96cbc28bb3936a122" type="webcontent" adlcp:scormType="sco" href="tarea_9.html"> 
    <file href="tarea_9.html"/> 
    <file href="exe_html5.js"/>
    <dependency identifierref="COMMON_FILES"/>
  </resource>
  <resource identifier="RES-eXePoema65f96cbc28bb3936a524" type="webcontent" adlcp:scormType="sco" href="evaluacin.html"> 
    <file href="evaluacin.html"/> 
    <file href="exe_html5.js"/>
    <file href="Lista_de_cotejo.pdf"/>
    <file href="Rubrica_soneto-videopoema.pdf"/>
    <dependency identifierref="COMMON_FILES"/>
  </resource>
  <resource identifier="RES-eXePoema65f96cbc28bb3936a826" type="webcontent" adlcp:scormType="sco" href="tutoriales_de_las_diferentes_herramientas.html"> 
    <file href="tutoriales_de_las_diferentes_herramientas.html"/> 
    <file href="exe_html5.js"/>
    <dependency identifierref="COMMON_FILES"/>
  </resource>
  <resource identifier="RES-eXePoema65f96cbc28bb3936bf28" type="webcontent" adlcp:scormType="sco" href="crditos.html"> 
    <file href="crditos.html"/> 
    <file href="exe_html5.js"/>
    <file href="licencia.png"/>
    <file href="Poema.elp"/>
    <file href="download-package-licenses.png"/>
    <file href="download-package.css"/>
    <dependency identifierref="COMMON_FILES"/>
  </resource>
  <resource identifier="COMMON_FILES" type="webcontent" adlcp:scormType="asset">
    <file href="Atkinson-Hyperlegible-Regular-102a.woff2"/>
    <file href="config.xml"/>
    <file href="content.css"/>
    <file href="icon_emociones.svg"/>
    <file href="icon_udl_eng_aprenderaprender.svg"/>
    <file href="icon_udl_eng_culturales.svg"/>
    <file href="icon_udl_eng_curiosidad.svg"/>
    <file href="icon_udl_eng_descarga.svg"/>
    <file href="icon_udl_eng_objetivos.svg"/>
    <file href="icon_udl_eng_orientaciones.svg"/>
    <file href="icon_udl_eng_reto.svg"/>
    <file href="icon_udl_eng_rss.svg"/>
    <file href="icon_udl_eng_rubrica.svg"/>
    <file href="icon_udl_eng_saber.svg"/>
    <file href="icon_udl_eng_temporalizacion.svg"/>
    <file href="icon_udl_exp_actividad.svg"/>
    <file href="icon_udl_exp_canto.svg"/>
    <file href="icon_udl_exp_competenciadigital.svg"/>
    <file href="icon_udl_exp_coproduccionoral.svg"/>
    <file href="icon_udl_exp_coproducciontxt.svg"/>
    <file href="icon_udl_exp_cuestionario.svg"/>
    <file href="icon_udl_exp_debate.svg"/>
    <file href="icon_udl_exp_ejercicio.svg"/>
    <file href="icon_udl_exp_escribe.svg"/>
    <file href="icon_udl_exp_escucha.svg"/>
    <file href="icon_udl_exp_graba.svg"/>
    <file href="icon_udl_exp_grupoheterogeneo.svg"/>
    <file href="icon_udl_exp_grupohomogeneo.svg"/>
    <file href="icon_udl_exp_habla.svg"/>
    <file href="icon_udl_exp_interactivo.svg"/>
    <file href="icon_udl_exp_juego.svg"/>
    <file href="icon_udl_exp_lee.svg"/>
    <file href="icon_udl_exp_lenguasignos.svg"/>
    <file href="icon_udl_exp_manipula.svg"/>
    <file href="icon_udl_exp_mediacion.svg"/>
    <file href="icon_udl_exp_musica.svg"/>
    <file href="icon_udl_exp_practicamusical.svg"/>
    <file href="icon_udl_exp_tarea.svg"/>
    <file href="icon_udl_exp_tareagrupal.svg"/>
    <file href="icon_udl_rep_adjunto.svg"/>
    <file href="icon_udl_rep_apoyovisual.svg"/>
    <file href="icon_udl_rep_caso.svg"/>
    <file href="icon_udl_rep_conocer.svg"/>
    <file href="icon_udl_rep_destacado.svg"/>
    <file href="icon_udl_rep_ejemplo.svg"/>
    <file href="icon_udl_rep_escucha.svg"/>
    <file href="icon_udl_rep_fonetica.svg"/>
    <file href="icon_udl_rep_galeria.svg"/>
    <file href="icon_udl_rep_gramatica.svg"/>
    <file href="icon_udl_rep_importante.svg"/>
    <file href="icon_udl_rep_informarse.svg"/>
    <file href="icon_udl_rep_lecturafacil.svg"/>
    <file href="icon_udl_rep_lee.svg"/>
    <file href="icon_udl_rep_lenguasignos.svg"/>
    <file href="icon_udl_rep_mediar.svg"/>
    <file href="icon_udl_rep_nota.svg"/>
    <file href="icon_udl_rep_pasos.svg"/>
    <file href="icon_udl_rep_recomienda.svg"/>
    <file href="icon_udl_rep_redessemanticas.svg"/>
    <file href="icon_udl_rep_reflexion.svg"/>
    <file href="icon_udl_rep_reproduccion.svg"/>
    <file href="icon_udl_rep_vocabulario.svg"/>
    <file href="nav.css"/>
    <file href="_style_bg.png"/>
    <file href="_style_icons.png"/>
    <file href="_style_js.js"/>
    <file href="_style_left_column.gif"/>
    <file href="_style_licenses.gif"/>
    <file href="_style_logo.png"/>
    <file href="_style_menu.gif"/>
    <file href="_style_nav_icons.png"/>
    <file href="base.css"/>
    <file href="popup_bg.gif"/>
    <file href="exe_powered_logo.png"/>
    <file href="SCORM_API_wrapper.js"/>
    <file href="SCOFunctions.js"/>
    <file href="common.js"/>
    <file href="common_i18n.js"/>
    <file href="exe_jquery.js"/>
    <file href="content.xsd"/>
    <file href="content.data"/>
    <file href="contentv3.xml"/>
    <file href="imslrm.xml"/>
  </resource>
</resources>
</manifest>
